{"cameraMode":{"drawMode":0,"name":"Shaded","section":"Shading Mode"},"sceneLighting":false,"audioPlay":false,"sceneViewState":{"m_AlwaysRefresh":false,"showFog":true,"showSkybox":true,"showFlares":true,"showImageEffects":true,"showParticleSystems":true,"showVisualEffectGraphs":true,"m_FxEnabled":true},"in2DMode":false,"pivot":{"x":0.11712575703859329,"y":0.1587349772453308,"z":0.520224392414093},"rotation":{"x":0.12297367304563523,"y":0.1379719376564026,"z":-0.017272312194108964,"w":0.9826402068138123},"size":0.6058207750320435,"orthographic":false}