{"cameraMode":{"drawMode":0,"name":"Shaded","section":"Shading Mode"},"sceneLighting":false,"audioPlay":false,"sceneViewState":{"m_AlwaysRefresh":false,"showFog":true,"showSkybox":true,"showFlares":true,"showImageEffects":true,"showParticleSystems":true,"showVisualEffectGraphs":true,"m_FxEnabled":true},"in2DMode":false,"pivot":{"x":-0.05737569183111191,"y":0.5738832354545593,"z":1.822695016860962},"rotation":{"x":-0.16868925094604493,"y":0.009146791882812977,"z":-0.00155764224473387,"w":-0.9856590032577515},"size":1.817653775215149,"orthographic":false}