{"cameraMode":{"drawMode":0,"name":"Shaded","section":"Shading Mode"},"sceneLighting":false,"audioPlay":false,"sceneViewState":{"m_AlwaysRefresh":false,"showFog":true,"showSkybox":true,"showFlares":true,"showImageEffects":true,"showParticleSystems":true,"showVisualEffectGraphs":true,"m_FxEnabled":true},"in2DMode":false,"pivot":{"x":-0.27097246050834658,"y":0.5682581663131714,"z":3.452500104904175},"rotation":{"x":0.21110117435455323,"y":0.37683263421058657,"z":-0.08863076567649842,"w":0.8975432515144348},"size":2.4057562351226808,"orthographic":false}