{"cameraMode":{"drawMode":0,"name":"Shaded","section":"Shading Mode"},"sceneLighting":false,"audioPlay":false,"sceneViewState":{"m_AlwaysRefresh":false,"showFog":true,"showSkybox":true,"showFlares":true,"showImageEffects":true,"showParticleSystems":true,"showVisualEffectGraphs":true,"m_FxEnabled":true},"in2DMode":false,"pivot":{"x":-0.5012771487236023,"y":0.601259708404541,"z":3.7107362747192385},"rotation":{"x":0.21110117435455323,"y":0.37683263421058657,"z":-0.08863076567649842,"w":0.8975432515144348},"size":1.2990431785583497,"orthographic":false}