{"cameraMode":{"drawMode":0,"name":"Shaded","section":"Shading Mode"},"sceneLighting":false,"audioPlay":false,"sceneViewState":{"m_AlwaysRefresh":false,"showFog":true,"showSkybox":true,"showFlares":true,"showImageEffects":true,"showParticleSystems":true,"showVisualEffectGraphs":true,"m_FxEnabled":true},"in2DMode":false,"pivot":{"x":-0.057337868958711627,"y":-0.01705828867852688,"z":0.06555383652448654},"rotation":{"x":0.2336871325969696,"y":0.25318485498428347,"z":-0.06317441165447235,"w":0.9366624355316162},"size":0.3741879463195801,"orthographic":false}