{"cameraMode":{"drawMode":0,"name":"Shaded","section":"Shading Mode"},"sceneLighting":false,"audioPlay":false,"sceneViewState":{"m_AlwaysRefresh":false,"showFog":true,"showSkybox":true,"showFlares":true,"showImageEffects":true,"showParticleSystems":true,"showVisualEffectGraphs":true,"m_FxEnabled":true},"in2DMode":false,"pivot":{"x":0.04159197583794594,"y":0.489484578371048,"z":5.737710475921631},"rotation":{"x":0.10623690485954285,"y":0.03429592028260231,"z":-0.0036725776735693218,"w":0.9937611818313599},"size":3.2265238761901857,"orthographic":false}