{"cameraMode":{"drawMode":0,"name":"Shaded","section":"Shading Mode"},"sceneLighting":false,"audioPlay":false,"sceneViewState":{"m_AlwaysRefresh":false,"showFog":true,"showSkybox":true,"showFlares":true,"showImageEffects":true,"showParticleSystems":true,"showVisualEffectGraphs":true,"m_FxEnabled":true},"in2DMode":false,"pivot":{"x":-0.4870010316371918,"y":1.0299805402755738,"z":0.256584495306015},"rotation":{"x":-0.33678773045539858,"y":0.007330744992941618,"z":-0.0026012929156422617,"w":-0.9415861368179321},"size":2.644958972930908,"orthographic":false}