{"cameraMode":{"drawMode":0,"name":"Shaded","section":"Shading Mode"},"sceneLighting":false,"audioPlay":false,"sceneViewState":{"m_AlwaysRefresh":false,"showFog":true,"showSkybox":true,"showFlares":true,"showImageEffects":true,"showParticleSystems":true,"showVisualEffectGraphs":true,"m_FxEnabled":true},"in2DMode":false,"pivot":{"x":-0.0008952594944275916,"y":0.376642107963562,"z":0.011287142522633076},"rotation":{"x":0.05791943520307541,"y":0.17018742859363557,"z":-0.010011743754148484,"w":0.9837089776992798},"size":0.9168552756309509,"orthographic":false}