{"cameraMode":{"drawMode":0,"name":"Shaded","section":"Shading Mode"},"sceneLighting":false,"audioPlay":false,"sceneViewState":{"m_AlwaysRefresh":false,"showFog":true,"showSkybox":true,"showFlares":true,"showImageEffects":true,"showParticleSystems":true,"showVisualEffectGraphs":true,"m_FxEnabled":true},"in2DMode":false,"pivot":{"x":-0.7059495449066162,"y":0.7480894923210144,"z":-0.16955095529556275},"rotation":{"x":0.37110623717308047,"y":-0.14946028590202332,"z":0.060651592910289767,"w":0.9144962430000305},"size":1.889835238456726,"orthographic":false}