{"cameraMode":{"drawMode":0,"name":"Shaded","section":"Shading Mode"},"sceneLighting":false,"audioPlay":false,"sceneViewState":{"m_AlwaysRefresh":false,"showFog":true,"showSkybox":true,"showFlares":true,"showImageEffects":true,"showParticleSystems":true,"showVisualEffectGraphs":true,"m_FxEnabled":true},"in2DMode":false,"pivot":{"x":-0.0043093375861644749,"y":2.164027214050293,"z":0.14295604825019837},"rotation":{"x":-0.23714987933635713,"y":-0.06669839471578598,"z":0.016335783526301385,"w":-0.9690793752670288},"size":0.757755696773529,"orthographic":false}