{"cameraMode":{"drawMode":0,"name":"Shaded","section":"Shading Mode"},"sceneLighting":false,"audioPlay":false,"sceneViewState":{"m_AlwaysRefresh":false,"showFog":true,"showSkybox":true,"showFlares":true,"showImageEffects":true,"showParticleSystems":true,"showVisualEffectGraphs":true,"m_FxEnabled":true},"in2DMode":false,"pivot":{"x":-6.258487701416016e-7,"y":0.2892141342163086,"z":-2.980232238769531e-7},"rotation":{"x":0.13346073031425477,"y":-0.7113807797431946,"z":0.14048422873020173,"w":0.6755985617637634},"size":0.5173554420471191,"orthographic":false}