{"cameraMode":{"drawMode":0,"name":"Shaded","section":"Shading Mode"},"sceneLighting":false,"audioPlay":false,"sceneViewState":{"m_AlwaysRefresh":false,"showFog":true,"showSkybox":true,"showFlares":true,"showImageEffects":true,"showParticleSystems":true,"showVisualEffectGraphs":true,"m_FxEnabled":true},"in2DMode":false,"pivot":{"x":1.5633587837219239,"y":-1.3582241535186768,"z":0.8804511427879334},"rotation":{"x":0.26309987902641299,"y":0.4777444005012512,"z":-0.15253578126430512,"w":0.8242283463478088},"size":1.7257230281829835,"orthographic":false}