{"cameraMode":{"drawMode":0,"name":"Shaded","section":"Shading Mode"},"sceneLighting":false,"audioPlay":false,"sceneViewState":{"m_AlwaysRefresh":false,"showFog":true,"showSkybox":true,"showFlares":true,"showImageEffects":true,"showParticleSystems":true,"showVisualEffectGraphs":true,"m_FxEnabled":true},"in2DMode":false,"pivot":{"x":-0.13930591940879823,"y":0.021073419600725175,"z":3.6120448112487795},"rotation":{"x":0.11374534666538239,"y":0.015211055986583233,"z":-0.001771454350091517,"w":0.9934343099594116},"size":2.8959298133850099,"orthographic":false}