{"cameraMode":{"drawMode":0,"name":"Shaded","section":"Shading Mode"},"sceneLighting":false,"audioPlay":false,"sceneViewState":{"m_AlwaysRefresh":false,"showFog":true,"showSkybox":true,"showFlares":true,"showImageEffects":true,"showParticleSystems":true,"showVisualEffectGraphs":true,"m_FxEnabled":true},"in2DMode":false,"pivot":{"x":-0.21475496888160706,"y":-0.815489649772644,"z":-2.0289065837860109},"rotation":{"x":-0.009033121168613434,"y":0.9774523377418518,"z":-0.20680442452430726,"w":-0.04255793243646622},"size":1.7257230281829835,"orthographic":false}