{"cameraMode":{"drawMode":0,"name":"Shaded","section":"Shading Mode"},"sceneLighting":false,"audioPlay":false,"sceneViewState":{"m_AlwaysRefresh":false,"showFog":true,"showSkybox":true,"showFlares":true,"showImageEffects":true,"showParticleSystems":true,"showVisualEffectGraphs":true,"m_FxEnabled":true},"in2DMode":false,"pivot":{"x":-0.550422728061676,"y":-0.11724342405796051,"z":0.31214267015457156},"rotation":{"x":-0.333941251039505,"y":-0.20799024403095246,"z":0.07582419365644455,"w":-0.9162663221359253},"size":1.4678046703338624,"orthographic":false}