{"cameraMode":{"drawMode":0,"name":"Shaded","section":"Shading Mode"},"sceneLighting":false,"audioPlay":false,"sceneViewState":{"m_AlwaysRefresh":false,"showFog":true,"showSkybox":true,"showFlares":true,"showImageEffects":true,"showParticleSystems":true,"showVisualEffectGraphs":true,"m_FxEnabled":true},"in2DMode":false,"pivot":{"x":-0.17190995812416078,"y":-0.08857312798500061,"z":0.39874833822250368},"rotation":{"x":0.24493123590946198,"y":0.02035699412226677,"z":-0.005144035443663597,"w":0.969332218170166},"size":0.8615380525588989,"orthographic":false}