{"cameraMode":{"drawMode":0,"name":"Shaded","section":"Shading Mode"},"sceneLighting":false,"audioPlay":false,"sceneViewState":{"m_AlwaysRefresh":false,"showFog":true,"showSkybox":true,"showFlares":true,"showImageEffects":true,"showParticleSystems":true,"showVisualEffectGraphs":true,"m_FxEnabled":true},"in2DMode":false,"pivot":{"x":-0.534504234790802,"y":1.4031270742416382,"z":-1.231327772140503},"rotation":{"x":0.15535230934619904,"y":-0.017784835770726205,"z":0.0027909213677048685,"w":0.9877522587776184},"size":1.137441873550415,"orthographic":false}