{"cameraMode":{"drawMode":0,"name":"Shaded","section":"Shading Mode"},"sceneLighting":false,"audioPlay":false,"sceneViewState":{"m_AlwaysRefresh":false,"showFog":true,"showSkybox":true,"showFlares":true,"showImageEffects":true,"showParticleSystems":true,"showVisualEffectGraphs":true,"m_FxEnabled":true},"in2DMode":false,"pivot":{"x":0.43373069167137148,"y":0.9266656637191773,"z":0.1706206500530243},"rotation":{"x":0.15423840284347535,"y":0.6013209819793701,"z":-0.11970333755016327,"w":0.774795413017273},"size":2.1081559658050539,"orthographic":false}