{"cameraMode":{"drawMode":0,"name":"Shaded","section":"Shading Mode"},"sceneLighting":false,"audioPlay":false,"sceneViewState":{"m_AlwaysRefresh":false,"showFog":true,"showSkybox":true,"showFlares":true,"showImageEffects":true,"showParticleSystems":true,"showVisualEffectGraphs":true,"m_FxEnabled":true},"in2DMode":false,"pivot":{"x":-0.23527891933918,"y":0.06655828654766083,"z":-0.10518860816955567},"rotation":{"x":0.16488441824913026,"y":-0.11627968400716782,"z":0.019616518169641496,"w":0.979300320148468},"size":0.5173554420471191,"orthographic":false}