{"cameraMode":{"drawMode":0,"name":"Shaded","section":"Shading Mode"},"sceneLighting":false,"audioPlay":false,"sceneViewState":{"m_AlwaysRefresh":false,"showFog":true,"showSkybox":true,"showFlares":true,"showImageEffects":true,"showParticleSystems":true,"showVisualEffectGraphs":true,"m_FxEnabled":true},"in2DMode":false,"pivot":{"x":-0.05661945044994354,"y":0.5357770919799805,"z":3.8117027282714845},"rotation":{"x":0.25539663434028628,"y":0.020601630210876466,"z":-0.0054417685605585579,"w":0.9666357040405273},"size":1.5944370031356812,"orthographic":false}