{"cameraMode":{"drawMode":0,"name":"Shaded","section":"Shading Mode"},"sceneLighting":false,"audioPlay":false,"sceneViewState":{"m_AlwaysRefresh":false,"showFog":true,"showSkybox":true,"showFlares":true,"showImageEffects":true,"showParticleSystems":true,"showVisualEffectGraphs":true,"m_FxEnabled":true},"in2DMode":false,"pivot":{"x":-0.04305271804332733,"y":0.18610753118991853,"z":0.541744589805603},"rotation":{"x":0.11814761161804199,"y":0.16013427078723908,"z":-0.019299911335110666,"w":0.9798265099525452},"size":0.6330826878547669,"orthographic":false}