{"cameraMode":{"drawMode":0,"name":"Shaded","section":"Shading Mode"},"sceneLighting":false,"audioPlay":false,"sceneViewState":{"m_AlwaysRefresh":false,"showFog":true,"showSkybox":true,"showFlares":true,"showImageEffects":true,"showParticleSystems":true,"showVisualEffectGraphs":true,"m_FxEnabled":true},"in2DMode":false,"pivot":{"x":-0.7166873216629028,"y":0.20259244740009309,"z":0.7497941851615906},"rotation":{"x":-0.25204044580459597,"y":0.3155882954597473,"z":-0.087318554520607,"w":-0.9106572270393372},"size":1.7746343612670899,"orthographic":false}