{"cameraMode":{"drawMode":0,"name":"Shaded","section":"Shading Mode"},"sceneLighting":false,"audioPlay":false,"sceneViewState":{"m_AlwaysRefresh":false,"showFog":true,"showSkybox":true,"showFlares":true,"showImageEffects":true,"showParticleSystems":true,"showVisualEffectGraphs":true,"m_FxEnabled":true},"in2DMode":false,"pivot":{"x":-0.2453242540359497,"y":1.2589902877807618,"z":-0.10385242104530335},"rotation":{"x":0.34916290640830996,"y":-0.03934295475482941,"z":0.01467397715896368,"w":0.9361400604248047},"size":1.889835238456726,"orthographic":false}