{"cameraMode":{"drawMode":0,"name":"Shaded","section":"Shading Mode"},"sceneLighting":false,"audioPlay":false,"sceneViewState":{"m_AlwaysRefresh":false,"showFog":true,"showSkybox":true,"showFlares":true,"showImageEffects":true,"showParticleSystems":true,"showVisualEffectGraphs":true,"m_FxEnabled":true},"in2DMode":false,"pivot":{"x":-0.09134787321090698,"y":1.0145303010940552,"z":-0.374525249004364},"rotation":{"x":0.28429844975471499,"y":0.5955452919006348,"z":-0.23752331733703614,"w":0.7128266096115112},"size":1.889835238456726,"orthographic":false}