{"cameraMode":{"drawMode":0,"name":"Shaded","section":"Shading Mode"},"sceneLighting":false,"audioPlay":false,"sceneViewState":{"m_AlwaysRefresh":false,"showFog":true,"showSkybox":true,"showFlares":true,"showImageEffects":true,"showParticleSystems":true,"showVisualEffectGraphs":true,"m_FxEnabled":true},"in2DMode":false,"pivot":{"x":-0.10779882967472077,"y":1.2348887920379639,"z":-0.25477349758148196},"rotation":{"x":0.24493123590946198,"y":0.02035699412226677,"z":-0.005144035443663597,"w":0.969332218170166},"size":1.889835238456726,"orthographic":false}