{"cameraMode":{"drawMode":0,"name":"Shaded","section":"Shading Mode"},"sceneLighting":true,"audioPlay":false,"sceneViewState":{"m_AlwaysRefresh":false,"showFog":true,"showSkybox":true,"showFlares":true,"showImageEffects":true,"showParticleSystems":true,"showVisualEffectGraphs":true,"m_FxEnabled":true},"in2DMode":false,"pivot":{"x":-1.8792095184326172,"y":1.558190941810608,"z":-2.9980409145355226},"rotation":{"x":-0.35218143463134768,"y":-0.14490501582622529,"z":0.05530165508389473,"w":-0.9230334162712097},"size":4.291421413421631,"orthographic":false}