{"cameraMode":{"drawMode":0,"name":"Shaded","section":"Shading Mode"},"sceneLighting":true,"audioPlay":false,"sceneViewState":{"m_AlwaysRefresh":false,"showFog":true,"showSkybox":true,"showFlares":true,"showImageEffects":true,"showParticleSystems":true,"showVisualEffectGraphs":true,"m_FxEnabled":true},"in2DMode":false,"pivot":{"x":173.40414428710938,"y":843.064697265625,"z":-3.1839075088500978},"rotation":{"x":-0.2751607894897461,"y":0.059652265161275867,"z":-0.017108699306845666,"w":-0.9593938589096069},"size":453.0208435058594,"orthographic":false}