{"cameraMode":{"drawMode":0,"name":"Shaded","section":"Shading Mode"},"sceneLighting":true,"audioPlay":false,"sceneViewState":{"m_AlwaysRefresh":false,"showFog":true,"showSkybox":true,"showFlares":true,"showImageEffects":true,"showParticleSystems":true,"showVisualEffectGraphs":true,"m_FxEnabled":true},"in2DMode":false,"pivot":{"x":5.168421745300293,"y":0.2366623729467392,"z":7.2346086502075199},"rotation":{"x":-0.13512618839740754,"y":-0.13421981036663056,"z":0.01847829855978489,"w":-0.9815290570259094},"size":5.911571979522705,"orthographic":false}