{"cameraMode":{"drawMode":0,"name":"Shaded","section":"Shading Mode"},"sceneLighting":true,"audioPlay":false,"sceneViewState":{"m_AlwaysRefresh":false,"showFog":true,"showSkybox":true,"showFlares":true,"showImageEffects":true,"showParticleSystems":true,"showVisualEffectGraphs":true,"m_FxEnabled":true},"in2DMode":false,"pivot":{"x":0.1804533302783966,"y":-0.24775093793869019,"z":1.0976645946502686},"rotation":{"x":-0.2751607894897461,"y":0.059652265161275867,"z":-0.017108699306845666,"w":-0.9593938589096069},"size":6.7208991050720219,"orthographic":false}