{"cameraMode":{"drawMode":0,"name":"Shaded","section":"Shading Mode"},"sceneLighting":true,"audioPlay":false,"sceneViewState":{"m_AlwaysRefresh":false,"showFog":true,"showSkybox":true,"showFlares":true,"showImageEffects":true,"showParticleSystems":true,"showVisualEffectGraphs":true,"m_FxEnabled":true},"in2DMode":false,"pivot":{"x":-1.1946778297424317,"y":1.709823489189148,"z":-2.256070375442505},"rotation":{"x":-0.2524271309375763,"y":0.029600609093904496,"z":-0.007726477459073067,"w":-0.9671347737312317},"size":5.043107986450195,"orthographic":false}